INSERT INTO PILOTS (pilot_id, nom, cognom, pais, data_naixement, dorsal)
VALUES
(1, 'Max', 'Verstappen', 'Països Baixos', '1997-09-30', 1),
(2, 'Yuki', 'Tsunoda', 'Japó', '2000-05-11', 22),
(3, 'Charles', 'Leclerc', 'Mònaco', '1997-10-16', 16),
(4, 'Lewis', 'Hamilton', 'Regne Unit', '1985-01-07', 44),
(5, 'Lando', 'Norris', 'Regne Unit', '1999-11-13', 4),
(6, 'Oscar', 'Piastri', 'Austràlia', '2001-04-06', 81),
(7, 'George', 'Russell', 'Regne Unit', '1998-02-15', 63),
(8, 'Kimi', 'Antonelli', 'Itàlia', '2006-02-25', 12),
(9, 'Fernando', 'Alonso', 'Espanya', '1981-07-29', 14),
(10, 'Lance', 'Stroll', 'Canadà', '1998-10-29', 18),
(11, 'Nico', 'Hulkenberg', 'Alemanya', '1987-08-19', 27),
(12, 'Gabriel', 'Bortoleto', 'Brasil', '2004-10-14', 5),
(13, 'Pierre', 'Gasly', 'França', '1996-02-07', 10),
(14, 'Franco', 'Colapinto', 'Argentina', '2005-03-05', 43),
(15, 'Isack', 'Hadjar', 'França', NULL, 6),
(16, 'Liam', 'Lawson', 'Nova Zelanda', '2002-02-11', 30),
(17, 'Oliver', 'Bearman', 'Regne Unit', '2005-08-10', 87),
(18, 'Esteban', 'Ocon', 'França', NULL, 31),
(19, 'Carlos', 'Sainz', 'Espanya', '1994-09-01', 55),
(20, 'Alexander', 'Albon', 'Tailàndia', '1996-03-23', 23);

INSERT INTO EQUIPS (equip_id, nom, pais, any_fundacio)
VALUES
(1, 'Red Bull Racing', 'Àustria', 2005),
(2, 'Ferrari', 'Itàlia', 1929),
(3, 'Mercedes', 'Alemanya', 2010),
(4, 'McLaren', 'Regne Unit', 1963),
(5, 'Alpine', 'França', 2021),
(6, 'Aston Martin', 'Regne Unit', 1913),
(7, 'Kick', 'Alemanya', 2026),
(8, 'Williams', 'Regne Unit', 1977),
(9, 'Haas F1 Team', 'Estats Units', 2016),
(10, 'Racing Bulls', 'Àustria', 2026);


INSERT INTO CONTRACTES (pilot_id, equip_id, any_inici, any_fi)
VALUES
(1, 1, 2021, 2026),
(2, 1, 2019, 2026),
(3, 2, 2013, 2026),
(4, 2, 2025, 2026),
(7, 3, 2025, 2026),
(8, 3, 2022, 2026),
(5, 4, 2023, 2026),
(6, 4, 2023, 2026),
(13, 5, 2026, 2026),
(14, 5, 2023, 2026),
(9, 6, 2026, 2026),
(10, 6, 2021, 2026),
(11, 7, 2025, 2026),
(12, 7, 2026, 2026),
(19, 8, 2025, 2026),
(20, 8, 2026, 2026),
(17, 9, 2026, 2026),
(18, 9, 2026, 2026),
(15, 10, 2023, 2026),
(16, 10, 2024, 2026);


INSERT INTO CIRCUITS (circuit_id, nom, ciutat, pais, longitud_km, record)
VALUES
(1, 'Silverstone Circuit', 'Silverstone', 'Regne Unit', 5.891, '00:01:27.097'),
(2, 'Monza', 'Monza', 'Itàlia', 5.793, '00:01:21.046'),
(3, 'Spa-Francorchamps', 'Spa', 'Bèlgica', 7.004, '00:01:46.286'),
(4, 'Circuit de Barcelona-Catalunya', 'Montmeló', 'Espanya', 4.655, '00:01:18.183'),
(5, 'Marina Bay Street Circuit', 'Singapur', 'Singapur', 5.063, '00:01:41.905'),
(6, 'Circuit Gilles Villeneuve', 'Mont-real', 'Canadà', 4.361, '00:01:13.078'),
(7, 'Suzuka Circuit', 'Suzuka', 'Japó', 5.807, '00:01:30.983'),
(8, 'Yas Marina Circuit', 'Abu Dhabi', 'Emirats Àrabs Units', 5.554, '00:01:26.103');


INSERT INTO GP (cursa_id, nom, data, voltes, circuit_id)
VALUES
(1, 'Gran Premi de Gran Bretanya', '2026-07-10', 52, 1),
(2, 'Gran Premi de Italia', '2026-09-05', 53, 2),
(3, 'Gran Premi de Bèlgica', '2026-08-23', 44, 3),
(4, 'Gran Premi d’Espanya', '2026-06-06', 66, 4),
(5, 'Gran Premi de Singapur', '2026-10-01', 61, 5),
(6, 'Gran Premi del Canadà', '2026-07-18', 70, 6),
(7, 'Gran Premi del Japó', '2026-09-20', 53, 7),
(8, 'Gran Premi dels Emirats', '2026-11-04', 55, 8);





INSERT INTO RESULTATS (cursa_id, pilot_id, posicio_inicial, posicio_final, punts)
VALUES
(1, 5, 3, '1r', 25),
(1, 6, 2, '2gn', 18),
(1, 11, 19, '3r', 15),
(1, 4, 5, '4rt', 12),
(1, 1, 1, '5e', 10),
(1, 13, 8, '6e', 8),
(1, 10, 17, '7e', 6),
(1, 20, 13, '8e', 4),
(1, 9, 7, '9e', 2),
(1, 7, 4, '10', 1),
(1, 17, 18, '11e', 0),
(1, 19, 9, '12e', 0),
(1, 18, 14, '13e', 0),
(1, 3, 6, '14e', 0),
(1, 2, 11,'15e', 0),
(1, 8, 10, 'DNF', 0),
(1, 15, 12, 'DNF', 0),
(1, 12, 16, 'DNF', 0),
(1, 16, 15, 'DNF', 0),
(1, 14, 0, 'DNS', 0),
(2, 1, 1, '1r', 25),
(2, 5, 2, '2gn', 18),
(2, 6, 3, '3r', 15),
(2, 3, 4, '4rt', 12),
(2, 7, 5, '5e', 10),
(2, 4, 10, '6e', 8),
(2, 20, 14, '7e', 6),
(2, 12, 7, '8e', 4),
(2, 8, 6, '9e', 2),
(2, 15, 0, '10', 1),
(2, 19, 13, '11e', DEFAULT ),
(2, 17, 11, '12e', DEFAULT),
(2, 2, 9, '13e', DEFAULT),
(2, 16, 18, '14e', DEFAULT),
(2, 18, 15, '15e', DEFAULT),
(2, 13, 0, '16e', DEFAULT),
(2, 14, 17, '17e', DEFAULT),
(2, 10, 16, '18e', DEFAULT),
(2, 9, 8, 'DNF', DEFAULT),
(2, 11, 0, 'DNS', DEFAULT),
(3, 6, 2, '1r', 25),
(3, 5, 1, '2gn', 18),
(3, 3, 3, '3r', 15),
(3, 1, 4, '4rt', 12),
(3, 7, 6, '5e', 10),
(3, 20, 5, '6e', 8),
(3, 4, 0, '7e', 6),
(3, 16, 9, '8e', 4),
(3, 12, 10, '9e', 2),
(3, 13, 13, '10', 1),
(3, 17, 12, '11e', DEFAULT),
(3, 11, 14, '12e', DEFAULT),
(3, 2, 7, '13e', DEFAULT),
(3, 10, 16, '14e', DEFAULT),
(3, 18, 11, '15e', DEFAULT),
(3, 8, 0, '16e', DEFAULT),
(3, 9, 0, '17e', DEFAULT),
(3, 19, 0, '18e', DEFAULT),
(3, 14, 15, '19e', DEFAULT),
(3, 15, 8, '20e', DEFAULT),
(4, 6, 1, '1r', 25),
(4, 5, 2, '2gn', 18),
(4, 3, 7, '3r', 15),
(4, 7, 4, '4rt', 12),
(4, 11, 15, '5e', 10),
(4, 4, 5, '6e', 8),
(4, 15, 9, '7e', 6),
(4, 13, 8, '8e', 4),
(4, 9, 10, '9e', 2),
(4, 1, 3, '10', 1),
(4, 16, 13, '11e', DEFAULT),
(4, 12, 12, '12e', DEFAULT),
(4, 2, 0, '13e', DEFAULT),
(4, 19, 17, '14e', DEFAULT),
(4, 14, 18, '15e', DEFAULT),
(4, 18, 16, '16e', DEFAULT),
(4, 17, 14, '17e', DEFAULT),
(4, 8, 6, 'DNF', DEFAULT),
(4, 20, 11, 'DNF', DEFAULT),
(4, 10, 0, 'DNF', DEFAULT),
(5, 7, 1, '1r', 25),
(5, 1, 2, '2gn', 18),
(5, 5, 5, '3r', 15),
(5, 6, 3, '4rt', 12),
(5, 8, 4, '5e', 10),
(5, 3, 7, '6e', 8),
(5, 9, 10, '7e', 6),
(5, 4, 6, '8e', 4),
(5, 17, 9, '9e', 2),
(5, 19, 18, '10', 1),
(5, 15, 8, '11e', DEFAULT),
(5, 2, 13, '12e', DEFAULT),
(5, 10, 15, '13e', DEFAULT),
(5, 20, 0, '14e', DEFAULT),
(5, 16, 12, '15e', DEFAULT),
(5, 14, 16, '16e', DEFAULT),
(5, 12, 14, '17e', DEFAULT),
(5, 18, 17, '18e', DEFAULT),
(5, 13, 0, '19e', DEFAULT),
(5, 11, 11, '20e', DEFAULT),
(6, 7, 1, '1r', 25),
(6, 1, 2, '2gn', 18),
(6, 8, 4, '3r', 15),
(6, 6, 3, '4rt', 12),
(6, 3, 8, '5e', 10),
(6, 4, 5, '6e', 8),
(6, 9, 6, '7e', 6),
(6, 11, 11, '8e', 4),
(6, 18, 14, '9e', 2),
(6, 19, 16, '10', 1),
(6, 17, 13, '11e', DEFAULT),
(6, 2, 18, '12e', DEFAULT),
(6, 14, 10, '13e', DEFAULT),
(6, 12, 15, '14e', DEFAULT),
(6, 13, 0, '15e', DEFAULT),
(6, 15, 12, '16e', DEFAULT),
(6, 10, 17, '17e', DEFAULT),
(6, 5, 7, '18e', DEFAULT),
(6, 16, 0, 'DNF', DEFAULT),
(6, 20, 9, 'DNF', DEFAULT),
(7, 1, 1, '1r', 25),
(7, 5, 2, '2gn', 18),
(7, 6, 3, '3r', 15),
(7, 3, 4, '4rt', 12),
(7, 7, 5, '5e', 10),
(7, 8, 6, '6e', 8),
(7, 4, 8, '7e', 6),
(7, 15, 7, '8e', 4),
(7, 20, 9, '9e', 2),
(7, 17, 10, '10', 1),
(7, 9, 12, '11e', DEFAULT),
(7, 2, 14, '12e', DEFAULT),
(7, 13, 11, '13e', DEFAULT),
(7, 19, 15, '14e', DEFAULT),
(7, 14, 19, '15e', DEFAULT),
(7, 11, 16, '16e', DEFAULT),
(7, 16, 13, '17e', DEFAULT),
(7, 18, 18, '18e', DEFAULT),
(7, 12, 17, '19e', DEFAULT),
(7, 10, 20, '20', DEFAULT),
(8, 1, 1, '1r', 25),
(8, 6, 3, '2gn', 18),
(8, 5, 2, '3r', 15),
(8, 3, 5, '4rt', 12),
(8, 7, 4, '5e', 10),
(8, 9, 6, '6e', 8),
(8, 18, 8, '7e', 6),
(8, 4, 16, '8e', 4),
(8, 11, 18, '9e', 2),
(8, 10, 15, '10', 1),
(8, 12, 7, '11e', DEFAULT),
(8, 17, 11, '12e', DEFAULT),
(8, 19, 12, '13e', DEFAULT),
(8, 2, 10, '14e', DEFAULT),
(8, 8, 14, '15e', DEFAULT),
(8, 20, 17, '16e', DEFAULT),
(8, 15, 9, '17e', DEFAULT),
(8, 16, 13, '18e', DEFAULT),
(8, 13, 19, '19e', DEFAULT),
(8, 14, 20, '20', DEFAULT);